{
  "name": "mern_skeleton",
  "version": "1.0.0",
   "type":"module",

  "main": "index.js",
  "author": "Blessing Ajiboye",
  "license": "MIT",
  "devDependencies": {
    "@babel/core": "^7.28.4",
    "@babel/preset-env": "^7.28.3",
    "babel-loader": "^10.0.0",
    "nodemon": "^3.1.10"
  },
  "scripts": {
    "dev": "concurrently 'vite' \"nodemon server.js\"",
    "build": "vite build",
    "lint": "eslint src --ext js,jsx --report-unused-disable-directives --max-warnings 0",
    "preview": "vite preview"
  },
  "dependencies": {
    "global": "^4.4.0"
  }
}
