{
  "name": "client",
  "private": true,
  "version": "0.0.0",
  "type": "module",
  "scripts": {
   "dev": "concurrently 'vite' \"nodemon ../server.js\"",

    "build": "vite build",
    "lint": "eslint .",
    "preview": "vite preview"
  },
  "dependencies": {
    "concurrently": "^9.2.1",
    "global": "^4.4.0",
    "react": "^19.1.1",
    "react-dom": "^19.1.1"
  },
  "devDependencies": {
    "@eslint/js": "^9.33.0",
    "@types/react": "^19.1.10",
    "@types/react-dom": "^19.1.7",
    "@vitejs/plugin-react": "^5.0.0",
    "eslint": "^9.33.0",
    "eslint-plugin-react-hooks": "^5.2.0",
    "eslint-plugin-react-refresh": "^0.4.20",
    "globals": "^16.3.0",
    "nodemon": "^3.1.10",
    "vite": "^7.1.2"
  }
}
